sbjt	PTOV_hit_cnt
Ga0074570_1127	1
Ga0074570_1130	1
Ga0074570_1132	12
Ga0074570_1133	3
Ga0074570_1135	1
Ga0074570_1138	1
Ga0074570_1141	1
Ga0074570_1142	1
PSAHM1_00002	3
PSAHM1_00004	3
PSAHM1_00006	1
PSAHM1_00007	1
PSAHM1_00008	1
PSAHM1_00010	2
PSAHM1_00012	1
PSAHM1_00013	1
PSAHM1_00016	1
PSAHM1_00018	1
PSAHM1_00021	1
PSAHM1_00024	2
PSAHM1_00025	1
PSAHM1_00026	1
PSAHM1_00028	1
PSAHM1_00033	3
PSAHM1_00036	1
PSAHM1_00037	3
PSAHM1_00043	1
PSAHM1_00045	2
PSAHM1_00047	3
PSAHM1_00050	2
PSAHM1_00053	1
PSAHM1_00057	1
PSAHM1_00059	3
PSAHM1_00065	3
PSAHM1_00071	1
PSAHM1_00073	2
PSAHM1_00076	1
PSAHM1_00080	4
PSAHM1_00081	1
PSAHM1_00082	1
PSAHM1_00083	2
PSAHM1_00085	1
PSAHM1_00087	3
PSAHM1_00088	1
PSAHM1_00089	2
PSAHM1_00091	2
PSAHM1_00092	2
PSAHM1_00093	1
PSAHM1_00097	1
PSAHM1_00098	1
PSAHM1_00099	4
PSAHM1_00101	1
PSAHM1_00102	1
PSAHM1_00103	2
PSAHM1_00108	2
PSAHM1_00114	1
PSAHM1_00117	3
PSAHM1_00118	2
PSAHM1_00122	2
PSAHM1_00124	1
PSAHM1_00126	1
PSAHM1_00127	2
PSAHM1_00128	2
PSAHM1_00130	1
PSAHM1_00134	1
PSAHM1_00136	1
PSAHM1_00137	5
PSAHM1_00138	2
PSAHM1_00139	2
PSAHM1_00141	2
PSAHM1_00142	3
PSAHM1_00143	1
PSAHM1_00144	1
PSAHM1_00145	4
PSAHM1_00146	1
PSAHM1_00147	1
PSAHM1_00150	1
PSAHM1_00152	1
PSAHM1_00154	1
PSAHM1_00156	2
PSAHM1_00158	1
PSAHM1_00159	3
PSAHM1_00161	1
PSAHM1_00164	1
PSAHM1_00168	1
PSAHM1_00169	4
PSAHM1_00170	3
PSAHM1_00171	2
PSAHM1_00173	3
PSAHM1_00174	4
PSAHM1_00175	2
PSAHM1_00176	1
PSAHM1_00178	3
PSAHM1_00179	1
PSAHM1_00182	1
PSAHM1_00187	3
PSAHM1_00192	2
PSAHM1_00194	1
PSAHM1_00195	1
PSAHM1_00198	1
PSAHM1_00199	2
PSAHM1_00200	2
PSAHM1_00202	2
PSAHM1_00204	1
PSAHM1_00207	2
PSAHM1_00211	1
PSAHM1_00212	1
PSAHM1_00213	1
PSAHM1_00214	3
PSAHM1_00215	1
PSAHM1_00217	3
PSAHP1_00029	2
PSAHP1_00030	2
PSAHP1_00033	1
PSAHP1_00039	1
PSAHP1_00040	3
PSAHP1_00042	1
PSAHP1_00046	7
PSAHP1_00047	1
PSAHP1_00056	1
PSAHS1_00014	1
PSAHS1_00027	1
PSAHS1_00033	1
PSAHS1_00034	1
PSAHS1_00041	1
PSAHS1_00042	2
PSAHS1_00043	8
PSAHS1_00045	1
PSAHS1_00046	1
PSAHS1_00047	1
PSAHS1_00048	10
PSAHS1_00049	3
PSAHS1_00051	1
PSAHS1_00052	1
PSAHS1_00053	1
PSAHS1_00055	1
PSAHS1_00056	1
PSAHS1_00060	19
PSAHS2_00002	2
PSAHS2_00004	2
PSAHS2_00005	1
PSAHS2_00009	1
PSAHS2_00012	2
PSAHS2_00013	6
PSAHS2_00014	6
PSAHS2_00016	1
PSAHS2_00018	4
PSAHS2_00021	6
PSAHS2_00022	1
PSAHS2_00023	13
PSAHS2_00034	1
PSAHS2_00035	9
PSAHS2_00037	1
PSAHS2_00044	1
PSAHS2_00045	11
PSAHS2_00046	1
PSAHS2_00050	4
PSAHS2_00051	23
PSAHS2_00052	1
PSAHS2_00053	1
PSAHS2_00058	3
PSAHS2_00062	1
PSAHS5_00007	1
PSAHS5_00008	2
PSAHS5_00009	8
PSAHS5_00010	2
PSAHS5_00011	1
PSAHS5_00012	1
PSAHS5_00013	1
PSAHS5_00014	10
PSAHS5_00015	3
PSAHS5_00017	1
PSAHS5_00018	1
PSAHS5_00020	1
PSAHS5_00021	1
PSAHS5_00041	1
PSAHS5_00054	1
PSAHS5_00060	1
PSAHS5_00061	1
PSAHS6_00004	15
PSAHS6_00005	1
PSAHS6_00006	1
PSAHS6_00015	1
PSAHS6_00017	2
PSAHS6_00020	1
PSAHS6_00023	28
PSAHS6_00026	1
PSAHS6_00030	1
PSAHS6_00031	9
PSAHS6_00039	1
PSAHS6_00043	8
PSAHS6_00044	3
PSAHS8_00001	1
PSAHS8_00002	6
PSAHS8_00005	4
PSAHS8_00007	1
PSAHS8_00009	5
PSAHS8_00010	6
PSAHS8_00011	2
PSAHS8_00012	1
PSAHS8_00014	2
PSAHS8_00017	1
PSAHS8_00018	2
PSAHS8_00020	2
PSAHS8_00025	1
PSAHS8_00030	2
PSAHS8_00035	1
PSAHS8_00036	1
PSAHS8_00037	23
PSAHS8_00038	3
PSAHS8_00042	1
PSAHS8_00043	11
PSAHS8_00044	1
PSAHS8_00051	1
PSAHS8_00064	13
