sbjt	PTOV_hit_cnt
Ga0074570_1132	7
Ga0074570_1135	18
Ga0074570_1138	5
PSAHM1_00002	3
PSAHM1_00004	3
PSAHM1_00006	1
PSAHM1_00007	2
PSAHM1_00008	1
PSAHM1_00010	2
PSAHM1_00012	1
PSAHM1_00013	1
PSAHM1_00014	2
PSAHM1_00015	3
PSAHM1_00016	5
PSAHM1_00018	1
PSAHM1_00021	1
PSAHM1_00023	17
PSAHM1_00024	6
PSAHM1_00025	1
PSAHM1_00026	1
PSAHM1_00028	1
PSAHM1_00031	8
PSAHM1_00032	1
PSAHM1_00033	3
PSAHM1_00034	3
PSAHM1_00035	3
PSAHM1_00036	1
PSAHM1_00037	3
PSAHM1_00042	1
PSAHM1_00043	1
PSAHM1_00045	3
PSAHM1_00047	3
PSAHM1_00049	1
PSAHM1_00050	3
PSAHM1_00053	1
PSAHM1_00057	1
PSAHM1_00059	3
PSAHM1_00065	3
PSAHM1_00067	3
PSAHM1_00068	6
PSAHM1_00069	1
PSAHM1_00071	1
PSAHM1_00073	2
PSAHM1_00074	2
PSAHM1_00076	1
PSAHM1_00078	2
PSAHM1_00080	4
PSAHM1_00081	2
PSAHM1_00082	5
PSAHM1_00083	4
PSAHM1_00084	2
PSAHM1_00085	1
PSAHM1_00086	5
PSAHM1_00087	8
PSAHM1_00088	2
PSAHM1_00089	2
PSAHM1_00090	3
PSAHM1_00091	7
PSAHM1_00092	7
PSAHM1_00093	1
PSAHM1_00094	1
PSAHM1_00096	1
PSAHM1_00097	1
PSAHM1_00098	1
PSAHM1_00099	4
PSAHM1_00100	4
PSAHM1_00101	5
PSAHM1_00102	1
PSAHM1_00103	4
PSAHM1_00107	3
PSAHM1_00108	2
PSAHM1_00109	7
PSAHM1_00112	3
PSAHM1_00113	3
PSAHM1_00114	1
PSAHM1_00115	2
PSAHM1_00117	3
PSAHM1_00118	2
PSAHM1_00122	4
PSAHM1_00124	2
PSAHM1_00126	1
PSAHM1_00127	2
PSAHM1_00128	2
PSAHM1_00130	9
PSAHM1_00134	1
PSAHM1_00135	1
PSAHM1_00136	1
PSAHM1_00137	5
PSAHM1_00138	7
PSAHM1_00139	2
PSAHM1_00140	2
PSAHM1_00141	5
PSAHM1_00142	3
PSAHM1_00143	1
PSAHM1_00144	1
PSAHM1_00145	4
PSAHM1_00146	1
PSAHM1_00147	1
PSAHM1_00149	1
PSAHM1_00150	1
PSAHM1_00151	4
PSAHM1_00152	2
PSAHM1_00153	3
PSAHM1_00154	1
PSAHM1_00156	2
PSAHM1_00158	1
PSAHM1_00159	3
PSAHM1_00161	1
PSAHM1_00164	7
PSAHM1_00168	1
PSAHM1_00169	4
PSAHM1_00170	3
PSAHM1_00171	2
PSAHM1_00173	3
PSAHM1_00174	5
PSAHM1_00175	2
PSAHM1_00176	1
PSAHM1_00177	1
PSAHM1_00178	3
PSAHM1_00179	1
PSAHM1_00180	1
PSAHM1_00182	1
PSAHM1_00184	1
PSAHM1_00185	2
PSAHM1_00187	3
PSAHM1_00189	2
PSAHM1_00192	2
PSAHM1_00194	3
PSAHM1_00195	1
PSAHM1_00198	1
PSAHM1_00199	34
PSAHM1_00200	2
PSAHM1_00201	1
PSAHM1_00202	2
PSAHM1_00204	1
PSAHM1_00207	2
PSAHM1_00208	2
PSAHM1_00209	3
PSAHM1_00211	1
PSAHM1_00212	1
PSAHM1_00213	1
PSAHM1_00214	3
PSAHM1_00215	1
PSAHM1_00216	2
PSAHM1_00217	3
PSAHM1_00223	42
PSAHM1_00225	2
PSAHM1_00226	3
PSAHP1_00001	6
PSAHP1_00002	10
PSAHP1_00004	29
PSAHP1_00007	1
PSAHP1_00008	6
PSAHP1_00009	12
PSAHP1_00010	4
PSAHP1_00011	1
PSAHP1_00012	1
PSAHP1_00013	5
PSAHP1_00018	2
PSAHP1_00020	2
PSAHP1_00021	1
PSAHP1_00023	1
PSAHP1_00024	1
PSAHP1_00025	1
PSAHP1_00026	4
PSAHP1_00029	3
PSAHP1_00030	2
PSAHP1_00031	33
PSAHP1_00032	3
PSAHP1_00033	1
PSAHP1_00038	1
PSAHP1_00039	1
PSAHP1_00040	15
PSAHP1_00042	9
PSAHP1_00046	19
PSAHP1_00047	2
PSAHP1_00048	1
PSAHP1_00054	1
PSAHP1_00056	1
PSAHP1_00057	2
PSAHS1_00013	3
PSAHS1_00035	4
PSAHS1_00051	13
PSAHS1_00052	21
PSAHS1_00053	1
PSAHS1_00055	1
PSAHS1_00056	1
PSAHS1_00060	398
PSAHS1_00062	65
PSAHS2_00002	2
PSAHS2_00003	3
PSAHS2_00007	2
PSAHS2_00012	2
PSAHS2_00013	44
PSAHS2_00014	6
PSAHS2_00022	133
PSAHS2_00034	6
PSAHS2_00035	22
PSAHS2_00037	2
PSAHS2_00045	44
PSAHS2_00050	10
PSAHS2_00053	2
PSAHS2_00056	1
PSAHS2_00058	1
PSAHS2_00059	1
PSAHS2_00061	1
PSAHS5_00001	1
PSAHS5_00003	7
PSAHS5_00007	1
PSAHS5_00008	2
PSAHS5_00009	27
PSAHS5_00010	1
PSAHS5_00011	1
PSAHS5_00012	1
PSAHS5_00013	1
PSAHS5_00014	2
PSAHS5_00015	3
PSAHS5_00017	19
PSAHS5_00018	3
PSAHS5_00020	1
PSAHS5_00041	6
PSAHS5_00044	1
PSAHS5_00045	3
PSAHS5_00048	1
PSAHS5_00050	1
PSAHS5_00051	2
PSAHS5_00053	1
PSAHS5_00054	1
PSAHS5_00055	4
PSAHS5_00059	5
PSAHS5_00060	30
PSAHS5_00061	3
PSAHS5_00062	2
PSAHS6_00004	23
PSAHS6_00005	1
PSAHS6_00006	1
PSAHS6_00007	2
PSAHS6_00012	1
PSAHS6_00013	1
PSAHS6_00015	1
PSAHS6_00017	2
PSAHS6_00018	1
PSAHS6_00020	16
PSAHS6_00023	68
PSAHS6_00026	2
PSAHS6_00028	2
PSAHS6_00030	3
PSAHS6_00031	12
PSAHS6_00036	1
PSAHS6_00038	4
PSAHS6_00039	3
PSAHS6_00041	9
PSAHS6_00043	8
PSAHS6_00044	33
PSAHS6_00050	2
PSAHS8_00001	81
PSAHS8_00002	6
PSAHS8_00005	4
PSAHS8_00007	1
PSAHS8_00009	7
PSAHS8_00010	21
PSAHS8_00011	2
PSAHS8_00012	1
PSAHS8_00014	2
PSAHS8_00015	3
PSAHS8_00016	1
PSAHS8_00017	78
PSAHS8_00018	2
PSAHS8_00025	1
PSAHS8_00026	1
PSAHS8_00029	1
PSAHS8_00030	2
PSAHS8_00031	1
PSAHS8_00033	2
PSAHS8_00035	2
PSAHS8_00036	1
PSAHS8_00037	38
PSAHS8_00038	15
PSAHS8_00041	14
PSAHS8_00042	6
PSAHS8_00043	63
PSAHS8_00044	1
PSAHS8_00048	1
PSAHS8_00053	9
PSAHS8_00064	7
